{
  "control_utilization": 0.852996254681648,
  "control_waitlist": 484,
  "baseline_auc": 0.7596903389247835,
  "baseline_utilization": 0.890605493133583,
  "baseline_collision_rate": 0.3685446009389671,
  "baseline_waitlist": 12,
  "best_predictor_threshold": 0.15,
  "best_predictor_auc": 0.707800556733855,
  "best_predictor_collision_rate": 0.461038961038961,
  "collision_rate_reduction": -0.2509719579783274
}