label,model_type,overbooking_threshold,auc,utilization,collision_rate,overbookings_per_week,waitlist_size,total_waitlist_served,avg_wait_days,mean_overbooking_burden,noshow_rate,total_collisions,total_overbooked,elapsed_seconds
no_overbooking,baseline,1.0,0.7565237547585296,0.8851224105461394,0.4300341296928328,34.18333333333334,0,295,0.003389830508474576,0.1465,0.1449074074074074,126,293,0.5463590621948242
baseline,baseline,0.5,0.7565237547585296,0.8851224105461394,0.4300341296928328,34.18333333333334,0,295,0.003389830508474576,0.1465,0.1449074074074074,126,293,0.5401380062103271
predictor_t0.15,predictor,0.15,0.8451878695229842,0.8961864406779662,0.34415584415584416,35.93333333333334,0,309,0.0,0.154,0.1414351851851852,106,308,8.89338207244873
predictor_t0.20,predictor,0.2,0.8451878695229842,0.8961864406779662,0.34415584415584416,35.93333333333334,0,309,0.0,0.154,0.1414351851851852,106,308,8.937175035476685
predictor_t0.25,predictor,0.25,0.8451878695229842,0.8961864406779662,0.34415584415584416,35.93333333333334,0,309,0.0,0.154,0.1414351851851852,106,308,9.001375913619995
predictor_t0.30,predictor,0.3,0.8451878695229842,0.8961864406779662,0.34415584415584416,35.93333333333334,0,309,0.0,0.154,0.1414351851851852,106,308,8.966871976852417
predictor_t0.40,predictor,0.4,0.8451878695229842,0.8961864406779662,0.34415584415584416,35.93333333333334,0,309,0.0,0.154,0.1414351851851852,106,308,8.956707954406738
predictor_t0.50,predictor,0.5,0.8451878695229842,0.8961864406779662,0.34415584415584416,35.93333333333334,0,309,0.0,0.154,0.1414351851851852,106,308,9.057178974151611
