{
  "control_utilization": 0.8851224105461394,
  "control_waitlist": 0,
  "baseline_auc": 0.7565237547585296,
  "baseline_utilization": 0.8851224105461394,
  "baseline_collision_rate": 0.4300341296928328,
  "baseline_waitlist": 0,
  "best_predictor_threshold": 0.15,
  "best_predictor_auc": 0.8451878695229842,
  "best_predictor_collision_rate": 0.34415584415584416,
  "collision_rate_reduction": 0.19970109255823543
}