{
  "control_utilization": 0.8516949152542372,
  "control_waitlist": 263,
  "baseline_auc": 0.7776632820506097,
  "baseline_utilization": 0.885593220338983,
  "baseline_collision_rate": 0.35161290322580646,
  "baseline_waitlist": 0,
  "best_predictor_threshold": 0.5,
  "best_predictor_auc": 0.6776095792801499,
  "best_predictor_collision_rate": 0.5734767025089605,
  "collision_rate_reduction": -0.6309887869520896
}