{
  "control_utilization": 0.8587570621468926,
  "control_waitlist": 302,
  "baseline_auc": 0.7398312229630313,
  "baseline_utilization": 0.8924199623352165,
  "baseline_collision_rate": 0.43448275862068964,
  "baseline_waitlist": 6,
  "best_predictor_threshold": 0.4,
  "best_predictor_auc": 0.8532604920153875,
  "best_predictor_collision_rate": 0.25830258302583026,
  "collision_rate_reduction": 0.4054940549405494
}